geometry,n,N,unknowns,mode,eps,eta,leaf,sep,k_re,k_im,n_dense,n_lowrank,MB_dense,MB_lowrank,MB_total,MB_dense_kernel_ref,mean_rank,max_rank,t_build_s,t_matvec_s,rel_err
sphere,12,2880,23040,mv,0.01,1,32,3,1.5,0,2542,5160,78.5385,164.456,242.994,506.25,3.92674,7,4.70138,0.314297,0.000165709
sphere,12,2880,23040,mv,0.001,1,32,3,1.5,0,2542,5160,78.5385,224.269,302.808,506.25,5.28857,8,5.93195,0.436237,2.77305e-05
sphere,12,2880,23040,mv,0.0001,1,32,3,1.5,0,2542,5160,78.5385,308.41,386.949,506.25,7.29496,11,8.48094,0.597345,2.92398e-06
sphere,12,2880,23040,joint,0.001,1,32,3,1.5,0,2542,5160,78.5385,67.4171,145.956,506.25,5.07229,6,5.89734,0.123069,9.14421e-05
sphere,12,2880,23040,joint,0.0001,1,32,3,1.5,0,2542,5160,78.5385,90.601,169.139,506.25,6.88702,10,7.89726,0.137243,1.01514e-05
sphere,12,2880,23040,joint,1e-05,1,32,3,1.5,0,2542,5160,78.5385,126.83,205.368,506.25,9.58895,12,9.76569,0.165152,9.12171e-07
sphere,12,2880,23040,joint,1e-06,1,32,3,1.5,0,2542,5160,78.5385,161.209,239.748,506.25,12.1192,17,11.7817,0.189993,9.71871e-08
cube_uniform,16,3072,24576,mv,0.001,1,32,3,1.5,0,2170,3492,76.2891,226.822,303.111,576,6.24313,11,6.39576,0.457851,3.51306e-05
cube_uniform,16,3072,24576,mv,0.0001,1,32,3,1.5,0,2170,3492,76.2891,296.959,373.248,576,8.1618,13,8.22211,0.552352,3.38444e-06
cube_uniform,16,3072,24576,joint,0.0001,1,32,3,1.5,0,2170,3492,76.2891,93.1805,169.47,576,8.18843,13,7.9763,0.141819,1.52815e-05
cube_uniform,16,3072,24576,joint,1e-05,1,32,3,1.5,0,2170,3492,76.2891,127.064,203.353,576,11.0587,18,10.2494,0.166555,1.37155e-06
sphere,12,2880,23040,mv,0.001,1,32,3,12,0,2542,5160,78.5385,280.271,358.81,506.25,6.49128,11,9.19172,0.538578,0.000172969
sphere,12,2880,23040,joint,0.0001,1,32,3,12,0,2542,5160,78.5385,127.478,206.017,506.25,9.13585,15,12.439,0.176482,4.05248e-05
