lambda_nm,unit_nm,nbg,N,orient,pol,sigma_nm2,sigma_plus_nm2,sigma_minus_nm2,CD_nm2,iterations,t_s,coating,S_re,S_im
340,20,1.33,2560,1,lin,525.263,0,0,0,22,26.401,"2:2.89,0",0.0252506,0.0955578
350,20,1.33,2560,1,lin,756.948,0,0,0,25,29.6895,"2:2.89,0",0.0343386,0.126723
360,20,1.33,2560,1,lin,1096.6,0,0,0,32,28.1583,"2:2.89,0",0.0470214,0.165931
370,20,1.33,2560,1,lin,1743.3,0,0,0,47,33.9238,"2:2.89,0",0.0707657,0.219472
380,20,1.33,2560,1,lin,3584.47,0,0,0,61,37.6878,"2:2.89,0",0.137946,0.277464
390,20,1.33,2560,1,lin,5947.23,0,0,0,53,34.748,"2:2.89,0",0.217289,0.364621
400,20,1.33,2560,1,lin,15508.2,0,0,0,46,31.2106,"2:2.89,0",0.538634,0.429989
410,20,1.33,2560,1,lin,26297.6,0,0,0,42,30.9616,"2:2.89,0",0.869365,-0.178309
420,20,1.33,2560,1,lin,12191.6,0,0,0,39,28.2651,"2:2.89,0",0.384073,-0.46393
430,20,1.33,2560,1,lin,5229.44,0,0,0,36,26.5061,"2:2.89,0",0.157171,-0.362483
440,20,1.33,2560,1,lin,2902.39,0,0,0,35,25.1843,"2:2.89,0",0.0833114,-0.275916
