lambda_nm,unit_nm,nbg,N,orient,pol,sigma_nm2,sigma_plus_nm2,sigma_minus_nm2,CD_nm2,iterations,t_s
500,20,1,1148,6,circ,379.321,378.564,380.078,-1.51347,27,24.3069
550,20,1,1148,6,circ,257.202,255.507,258.897,-3.39012,53,39.5418
600,20,1,1148,6,circ,262.559,258.582,266.536,-7.95367,59,43.4684
650,20,1,1148,6,circ,452.972,440.773,465.172,-24.3989,61,48.4033
700,20,1,1148,6,circ,2434.46,2324.16,2544.77,-220.607,66,51.6273
725,20,1,1148,6,circ,6794.53,6482.94,7106.11,-623.169,69,53.6157
750,20,1,1148,6,circ,3649.99,3828.49,3471.5,356.985,70,53.9635
775,20,1,1148,6,circ,2271.35,2505.66,2037.05,468.617,68,53.2853
800,20,1,1148,6,circ,817.484,876.108,758.86,117.248,65,52.5697
850,20,1,1148,6,circ,251.232,260.898,241.566,19.3326,61,48.7907
