geometry,n,N,omega,core_re,core_im,coat,inward,offset,sigma_ext,Q_ext,S_re,S_im,S_abs,S_arg,iterations,near_pairs,t_near_s,t_build_s,t_solve_s
sphere,4,320,0.5,-11,1.2,"none",0,0,1.98902,0.633125,0.0395703,-0.183181,0.187406,-1.35805,35,33520,0.453231,0.729544,0.536897
sphere,4,640,0.5,-11,1.2,"0.05,2.25,0",0,0,2.38879,0.689683,0.0475235,-0.20947,0.214793,-1.3477,42,101280,2.8523,4.30085,1.47809
sphere,4,640,0.5,-11,1.2,"neutral",0,0,1.92729,0.55644,0.0383422,-0.182898,0.186874,-1.36415,36,101280,2.7493,4.08199,1.42447
sphere,4,640,0.5,-11,1.2,"0.02,2.25,0",0,0,2.03548,0.622753,0.0404945,-0.19535,0.199503,-1.3664,43,101040,4.93514,6.09997,1.4876
sphere,4,640,0.5,-11,1.2,"neutral",0,0,1.86028,0.56915,0.037009,-0.183623,0.187315,-1.37191,37,101040,5.49016,7.41197,1.55157
sphere,4,640,0.5,-11,1.2,"0.01,2.25,0",0,0,1.90658,0.594924,0.0379301,-0.190826,0.194559,-1.37459,43,100560,7.83068,9.35395,1.89992
sphere,4,640,0.5,-11,1.2,"neutral",0,0,1.81434,0.566142,0.0360951,-0.184112,0.187617,-1.3772,37,100560,8.83413,10.0395,1.34558
sphere,6,720,0.5,-11,1.2,"none",0,0,1.91377,0.60917,0.0380731,-0.188599,0.192404,-1.3716,36,75120,1.69669,5.70538,2.8679
sphere,6,1440,0.5,-11,1.2,"0.05,2.25,0",0,0,2.36921,0.68403,0.0471339,-0.214369,0.21949,-1.35437,42,225360,4.34933,11.4006,6.18158
sphere,6,1440,0.5,-11,1.2,"neutral",0,0,1.89691,0.54767,0.0377379,-0.188342,0.192085,-1.37305,37,225360,4.30408,11.6629,6.73083
sphere,6,1440,0.5,-11,1.2,"0.02,2.25,0",0,0,2.0466,0.626158,0.0407159,-0.199522,0.203634,-1.36949,43,225600,8.71727,16.456,6.22758
sphere,6,1440,0.5,-11,1.2,"neutral",0,0,1.86894,0.571802,0.0371815,-0.188645,0.192274,-1.37619,37,225600,7.29752,13.8704,6.0362
sphere,6,1440,0.5,-11,1.2,"0.01,2.25,0",0,0,1.93515,0.603839,0.0384985,-0.194729,0.198498,-1.37561,44,225600,14.2373,21.6025,8.62377
sphere,6,1440,0.5,-11,1.2,"neutral",0,0,1.84597,0.576012,0.0367244,-0.188892,0.192429,-1.37877,38,225600,14.2667,20.5579,8.35511
sphere,8,1280,0.5,-11,1.2,"none",0,0,1.88722,0.60072,0.037545,-0.190546,0.19421,-1.37625,36,132880,2.01538,9.57609,4.69019
sphere,8,2560,0.5,-11,1.2,"0.05,2.25,0",0,0,2.35772,0.680712,0.0469053,-0.216167,0.221198,-1.35712,42,396960,7.05419,31.4344,15.7041
sphere,8,2560,0.5,-11,1.2,"neutral",0,0,1.88104,0.543086,0.037422,-0.190362,0.194005,-1.37669,37,396960,8.01242,29.313,13.9333
sphere,8,2560,0.5,-11,1.2,"0.02,2.25,0",0,0,2.04671,0.626191,0.0407181,-0.201053,0.205134,-1.37097,43,398400,11.5995,31.5363,15.3602
sphere,8,2560,0.5,-11,1.2,"neutral",0,0,1.86741,0.571333,0.0371509,-0.19051,0.194098,-1.37821,38,398400,11.1295,32.3107,13.4937
sphere,8,2560,0.5,-11,1.2,"0.01,2.25,0",0,0,1.94278,0.606222,0.0386504,-0.196153,0.199924,-1.37625,44,398640,18.8846,39.5469,15.2352
sphere,8,2560,0.5,-11,1.2,"neutral",0,0,1.85409,0.578547,0.036886,-0.190653,0.194189,-1.37969,38,398640,18.8916,38.9334,14.2217
sphere,12,2880,0.5,-11,1.2,"none",0,0,1.86838,0.594723,0.0371702,-0.191952,0.195518,-1.37952,36,290400,4.8527,32.563,18.2094
sphere,12,5760,0.5,-11,1.2,"0.05,2.25,0",0,0,2.34698,0.677611,0.0466916,-0.217488,0.222443,-1.35932,42,861240,21.3437,159.292,61.1557
sphere,12,5760,0.5,-11,1.2,"neutral",0,0,1.86688,0.539,0.0371405,-0.191856,0.195418,-1.37958,37,861240,14.1593,85.3742,44.4277
sphere,12,5760,0.5,-11,1.2,"0.02,2.25,0",0,0,2.04379,0.625297,0.0406599,-0.202182,0.20623,-1.37234,43,867600,20.2801,92.2929,50.0148
sphere,12,5760,0.5,-11,1.2,"neutral",0,0,1.86275,0.569906,0.0370581,-0.191901,0.195446,-1.38003,37,867600,19.9448,85.1646,42.358
sphere,12,5760,0.5,-11,1.2,"0.01,2.25,0",0,0,1.94597,0.607216,0.0387138,-0.1972,0.200964,-1.37694,44,871200,29.7375,97.7384,52.5375
sphere,12,5760,0.5,-11,1.2,"neutral",0,0,1.85712,0.579491,0.0369462,-0.191962,0.195485,-1.38065,37,871200,37.3855,106.072,43.1196
