geometry,space,n,m,elements,fine_triangles,Q_ext,rel_error_vs_mie,iterations
curved,p1,4,2,320,1280,0.6007550008,1.819734e-02,36
curved,p1,4,3,320,2880,0.5946983578,7.932165e-03,36
curved,p1,4,4,320,5120,0.5925043327,4.213593e-03,36
curved,p1,4,5,320,8000,0.5914673092,2.455981e-03,36
curved,p1,5,2,500,2000,0.5968231604,1.153341e-02,36
curved,p1,5,3,500,4500,0.5929968896,5.048410e-03,36
curved,p1,5,4,500,8000,0.5916410070,2.750375e-03,36
curved,p1,6,2,720,2880,0.5947096889,7.951370e-03,36
curved,p1,6,3,720,6480,0.5920808078,3.495777e-03,36
curved,pc,4,1,320,320,0.6331250657,7.306017e-02,35
curved,pc,4,2,320,1280,0.6718539014,1.387002e-01,35
curved,pc,4,3,320,2880,0.6793504661,1.514059e-01,35
curved,pc,4,4,320,5120,0.6821249568,1.561083e-01,35
curved,pc,4,5,320,8000,0.6834752995,1.583969e-01,35
curved,pc,5,1,500,500,0.6176566051,4.684325e-02,35
curved,pc,5,2,500,2000,0.6419152260,8.795828e-02,35
curved,pc,5,3,500,4500,0.6466372125,9.596140e-02,36
curved,pc,5,4,500,8000,0.6483807478,9.891645e-02,36
curved,pc,6,1,720,720,0.6091711209,3.246151e-02,36
curved,pc,6,2,720,2880,0.6256528867,6.039585e-02,36
curved,pc,6,3,720,6480,0.6288699544,6.584834e-02,36
curved,pc,8,1,1280,1280,0.6007201105,1.813821e-02,36
curved,pc,8,2,1280,5120,0.6096524644,3.327733e-02,36
flat,p1,4,2,320,1280,0.5770755415,-2.193609e-02,38
flat,p1,4,3,320,2880,0.5656352505,-4.132582e-02,39
flat,p1,4,4,320,5120,0.5614509074,-4.841770e-02,39
flat,p1,4,5,320,8000,0.5594616808,-5.178917e-02,40
flat,p1,5,2,500,2000,0.5807915593,-1.563795e-02,38
flat,p1,5,3,500,4500,0.5734073092,-2.815324e-02,39
flat,p1,5,4,500,8000,0.5707289294,-3.269273e-02,39
flat,p1,6,2,720,2880,0.5831700517,-1.160673e-02,38
flat,p1,6,3,720,6480,0.5780260626,-2.032509e-02,38
