lambda_nm,dist_nm,orientation,gamma_tot,gamma_rad,gamma_nr,q,iterations,lambda_graded,hmin_nm
650,20,radial,2.9675,2.1295,0.838,0.717608,39,1,1.83148
650,20,tangential,0.86065,0.677683,0.182968,0.787408,42,1,1.83148
650,20,average,1.56294,1.16162,0.401312,0.743232,0,1,1.83148
650,10,radial,11.7987,4.2064,7.59231,0.356514,41,0.714286,1.34956
650,10,tangential,2.63282,0.310317,2.3225,0.117865,42,0.714286,1.34956
650,10,average,5.68811,1.60901,4.0791,0.282873,0,0.714286,1.34956
650,5,radial,64.3209,7.73482,56.5861,0.120254,40,0.357143,0.69188
650,5,tangential,21.8004,0.0582264,21.7421,0.00267089,41,0.357143,0.69188
650,5,average,35.9739,2.61709,33.3568,0.0727497,0,0.357143,0.69188
650,2,radial,888.443,12.6862,875.757,0.0142791,40,0.2,0.389713
650,2,tangential,399.065,0.0700572,398.995,0.000175553,41,0.2,0.389713
650,2,average,562.191,4.27543,557.915,0.00760495,0,0.2,0.389713
