lambda_nm,lambda_exc_nm,dist_nm,orientation,gamma_tot,gamma_rad,gamma_nr,q,exc,iterations,lambda_graded,hmin_nm
570,550,20,x,7.77808,2.81692,4.96115,0.362162,2.98868,38,1,1.83148
570,550,20,y,1.50954,0.568485,0.941058,0.376594,4.11122e-18,40,1,1.83148
570,550,20,z,1.50954,0.568485,0.941058,0.376594,0.000341357,40,1,1.83148
570,550,5,x,267.578,13.3838,254.195,0.0500181,15.521,39,0.357143,0.69188
570,550,5,y,92.2457,0.199132,92.0465,0.00215872,2.16072e-15,40,0.357143,0.69188
570,550,5,z,92.2457,0.199132,92.0465,0.00215872,0.0160093,40,0.357143,0.69188
570,550,2,x,3373.71,23.0967,3350.61,0.0068461,27.2713,39,0.2,0.389713
570,550,2,y,1495.31,0.8542,1494.46,0.000571252,4.04264e-15,40,0.2,0.389713
570,550,2,z,1495.31,0.8542,1494.46,0.000571252,0.0448017,40,0.2,0.389713
570,550,10,x,45.2886,6.5867,38.7019,0.1454,7.373,40,0.71,1.35
570,550,10,y,10.8331,0.1952,10.6379,0.0180,0.000,41,0.71,1.35
570,550,10,z,10.8331,0.1952,10.6379,0.0180,0.004,41,0.71,1.35
