lambda_nm,F_plus,F_minus,g_F,sigma_plus,sigma_minus,g_CD
450,8.32669706e+00,8.14658849e+00,2.186675e-02,4.67713091e+00,4.64035725e+00,7.893471e-03
470,8.24967905e+00,8.06852719e+00,2.220242e-02,4.63302821e+00,4.59571001e+00,8.087390e-03
490,9.43489036e+00,9.22621570e+00,2.236466e-02,5.29813671e+00,5.25470630e+00,8.231035e-03
510,1.30052110e+01,1.27200481e+01,2.216988e-02,7.30351252e+00,7.24322977e+00,8.288144e-03
530,1.61131771e+01,1.57689868e+01,2.159140e-02,9.05038661e+00,8.97607143e+00,8.245123e-03
550,1.07840144e+01,1.05613414e+01,2.086383e-02,6.05809014e+00,6.00880818e+00,8.168122e-03
570,5.60951733e+00,5.49793527e+00,2.009139e-02,3.15159730e+00,3.12628048e+00,8.065405e-03
590,2.88915781e+00,2.83455744e+00,1.907865e-02,1.62335982e+00,1.61062674e+00,7.874544e-03
610,1.63718962e+00,1.60795080e+00,1.802007e-02,9.19891187e-01,9.12906359e-01,7.622040e-03
630,1.02580756e+00,1.00860118e+00,1.691536e-02,5.76332047e-01,5.72129484e-01,7.318596e-03
650,6.80397094e-01,6.69807569e-01,1.568581e-02,3.82225720e-01,3.79581960e-01,6.940754e-03
