x_um,y_um,z_um,Qx,Qy,Qz
0.0,0.0,-1.0,8.328801093793729e-15,-2.638686462916385e-14,0.02107560381783979
0.0,0.0,-0.75,4.622693773244141e-15,-4.236907267735398e-14,0.031243784990269655
0.0,0.0,-0.5,-1.521301896124942e-14,-5.865252767480167e-14,0.035229081242462205
0.0,0.0,-0.25,-4.8703563355846956e-14,-6.88338993653435e-14,0.02958093785935722
0.0,0.0,0.0,-8.406407366938204e-14,-6.867409800214113e-14,0.01576187738524177
0.0,0.0,0.25,-1.0627877625501129e-13,-5.855866941871023e-14,-0.00036013075953331266
0.0,0.0,0.5,-1.0591747976472844e-13,-4.3211583869777074e-14,-0.011957864736014132
0.0,0.0,0.75,-8.481214785293866e-14,-2.8822139043463084e-14,-0.015251064459025193
0.0,0.0,1.0,-5.422529145102967e-14,-1.948054701833064e-14,-0.01130820497173705
0.0,0.0,1.25,-2.7635835936713105e-14,-1.5496407426880767e-14,-0.00459524412559947
0.0,0.0,1.5,-1.2864452615888356e-14,-1.4322539453155123e-14,0.0003706781471985616
0.0,0.0,1.75,-9.210723897345205e-15,-1.3083058309165333e-14,0.0017135259125767332
0.0,0.0,2.0,-1.0474779365794224e-14,-1.0563760037588658e-14,0.0005263965084179795
