geometry,n,N,omega,core_re,core_im,coat,inward,offset,sigma_ext,Q_ext,S_re,S_im,S_abs,S_arg,iterations,near_pairs,t_near_s,t_build_s,t_solve_s,pol
sphere,4,320,0.5,-11,1.2,"thin-dirac2fit:0.1,2.25,0,0.1",0,0,2.96307,0.779482,0.0589483,-0.228375,0.235861,-1.31819,56,0,0,0.742754,0.768634,1
sphere,4,320,0.5,-11,1.2,"thin-dirac2fit:0.1,2.25,0,0.1",0,0,2.94297,0.774196,0.0585486,-0.225922,0.233386,-1.31722,56,0,0,0.742754,0.760568,-1
sphere,4,320,0.5,-11,1.2,"none",0,0,1.98902,0.523244,0.0395703,-0.183181,0.187406,-1.35805,45,0,0,0.641976,0.453321,1
sphere,4,320,0.5,-11,1.2,"none",0,0,1.98902,0.523244,0.0395703,-0.183181,0.187406,-1.35805,45,0,0,0.641976,0.43162,-1
sphere,4,320,0.5,-11,1.2,"thin-dirac2fit:0.05,2.25,0,0.1",0,0,2.45594,0.70907,0.0488594,-0.206102,0.211814,-1.33803,48,0,0,0.649635,0.608097,1
sphere,4,320,0.5,-11,1.2,"thin-dirac2fit:0.05,2.25,0,0.1",0,0,2.44834,0.706877,0.0487082,-0.205045,0.210751,-1.33757,48,0,0,0.649635,0.599078,-1
sphere,4,320,0.5,-11,1.2,"thin-dirac2fit:0.02,2.25,0,0.1",0,0,2.16867,0.663505,0.0431444,-0.192308,0.197088,-1.3501,46,0,0,0.674067,0.568096,1
sphere,4,320,0.5,-11,1.2,"thin-dirac2fit:0.02,2.25,0,0.1",0,0,2.16616,0.662734,0.0430943,-0.191926,0.196704,-1.34992,46,0,0,0.674067,0.567902,-1
sphere,6,720,0.5,-11,1.2,"thin-dirac2fit:0.1,2.25,0,0.1",0,0,2.91253,0.766189,0.057943,-0.236982,0.243963,-1.331,74,0,0,2.99998,4.48994,1
sphere,6,720,0.5,-11,1.2,"thin-dirac2fit:0.1,2.25,0,0.1",0,0,2.89283,0.761005,0.057551,-0.23446,0.24142,-1.33009,74,0,0,2.99998,4.27461,-1
sphere,6,720,0.5,-11,1.2,"none",0,0,1.91377,0.503447,0.0380732,-0.188599,0.192404,-1.3716,47,0,0,3.11418,2.67029,1
sphere,6,720,0.5,-11,1.2,"none",0,0,1.91377,0.503447,0.0380732,-0.188599,0.192404,-1.3716,47,0,0,3.11418,2.43024,-1
sphere,6,720,0.5,-11,1.2,"thin-dirac2fit:0.05,2.25,0,0.1",0,0,2.38822,0.689518,0.0475121,-0.21302,0.218254,-1.35135,51,0,0,3.07093,3.11087,1
sphere,6,720,0.5,-11,1.2,"thin-dirac2fit:0.05,2.25,0,0.1",0,0,2.38088,0.6874,0.0473662,-0.211939,0.217167,-1.35092,51,0,0,3.07093,3.01315,-1
sphere,6,720,0.5,-11,1.2,"thin-dirac2fit:0.02,2.25,0,0.1",0,0,2.09553,0.641127,0.0416893,-0.1983,0.202635,-1.36358,48,0,0,3.05089,2.81453,1
sphere,6,720,0.5,-11,1.2,"thin-dirac2fit:0.02,2.25,0,0.1",0,0,2.09313,0.640391,0.0416414,-0.19791,0.202244,-1.36342,48,0,0,3.05089,2.82243,-1
sphere,8,1280,0.5,-11,1.2,"thin-dirac2fit:0.1,2.25,0,0.1",0,0,2.89487,0.761543,0.0575917,-0.240105,0.246916,-1.33538,100,0,0,10.7787,15.9438,1
sphere,8,1280,0.5,-11,1.2,"thin-dirac2fit:0.1,2.25,0,0.1",0,0,2.87532,0.756399,0.0572027,-0.237559,0.244349,-1.3345,100,0,0,10.7787,15.9085,-1
sphere,8,1280,0.5,-11,1.2,"none",0,0,1.88722,0.496463,0.037545,-0.190546,0.19421,-1.37625,46,0,0,10.536,6.97625,1
sphere,8,1280,0.5,-11,1.2,"none",0,0,1.88722,0.496463,0.037545,-0.190546,0.19421,-1.37625,46,0,0,10.536,7.06732,-1
sphere,8,1280,0.5,-11,1.2,"thin-dirac2fit:0.05,2.25,0,0.1",0,0,2.36439,0.682637,0.047038,-0.215518,0.220591,-1.35591,55,0,0,10.7328,9.07288,1
sphere,8,1280,0.5,-11,1.2,"thin-dirac2fit:0.05,2.25,0,0.1",0,0,2.35715,0.680549,0.0468941,-0.214427,0.219495,-1.35549,55,0,0,10.7328,10.9779,-1
sphere,8,1280,0.5,-11,1.2,"thin-dirac2fit:0.02,2.25,0,0.1",0,0,2.069739653,0.6332358645,0.04117616209,-0.2004568629,0.2046422004,-1.368202775,47,0,0,10.53218463,7.423677304,1
sphere,8,1280,0.5,-11,1.2,"thin-dirac2fit:0.02,2.25,0,0.1",0,0,2.067377147,0.632513057,0.04112916153,-0.2000642541,0.2042481669,-1.368041414,47,0,0,10.53218463,7.893427172,-1
sphere,12,2880,0.5,-11,1.2,"thin-dirac2fit:0.1,2.25,0,0.1",0,0,2.882411085,0.7582644168,0.05734374652,-0.2423745739,0.249065733,-1.338476761,197,0,0,76.74225547,191.8249456,1
sphere,12,2880,0.5,-11,1.2,"thin-dirac2fit:0.1,2.25,0,0.1",0,0,2.86296945,0.7531499832,0.05695696748,-0.2398104012,0.2464814895,-1.337608643,197,0,0,76.74225547,110.0785105,-1
sphere,12,2880,0.5,-11,1.2,"none",0,0,1.868375971,0.4915062335,0.03717015891,-0.1919523983,0.1955181422,-1.379521071,46,0,0,38.00811538,25.43490719,1
sphere,12,2880,0.5,-11,1.2,"none",0,0,1.868375996,0.4915062402,0.03717015942,-0.1919523987,0.1955181427,-1.379521069,46,0,0,38.00811538,25.37502514,-1
sphere,12,2880,0.5,-11,1.2,"thin-dirac2fit:0.05,2.25,0,0.1",0,0,2.347563692,0.6777802555,0.04670329573,-0.2173267271,0.2222883356,-1.359116709,73,0,0,38.19331367,42.81745031,1
sphere,12,2880,0.5,-11,1.2,"thin-dirac2fit:0.05,2.25,0,0.1",0,0,2.340405457,0.6757135553,0.04656088717,-0.2162298619,0.2211860516,-1.358704278,73,0,0,38.19331367,42.44452637,-1
sphere,12,2880,0.5,-11,1.2,"thin-dirac2fit:0.02,2.25,0,0.1",0,0,2.051450318,0.6276402511,0.04081230733,-0.2020167207,0.2060980346,-1.371454986,48,0,0,38.31988988,27.02707,1
sphere,12,2880,0.5,-11,1.2,"thin-dirac2fit:0.02,2.25,0,0.1",0,0,2.049119475,0.6269271309,0.04076593668,-0.2016221096,0.205702058,-1.371296067,48,0,0,38.31988988,26.60227926,-1
sphere,6,1440,0.5,-11,1.2,"0.05,2.25,0,0.1",0,0,2.369485847,0.6841095423,0.04713942315,-0.2148216843,0.2199329017,-1.354784883,54,375600,6.823359851,20.70142349,13.97435745,1
sphere,6,1440,0.5,-11,1.2,"0.05,2.25,0,0.1",0,0,2.365986771,0.6830993015,0.04706981124,-0.2137126639,0.2188348004,-1.354009374,54,375600,6.823359851,20.70142349,14.41879802,-1
sphere,8,2560,0.5,-11,1.2,"0.05,2.25,0,0.1",0,0,2.358582571,0.6809615871,0.04692250936,-0.2166200635,0.2216437993,-1.357479882,54,661040,10.73406659,55.47877688,34.86179634,1
sphere,8,2560,0.5,-11,1.2,"0.05,2.25,0,0.1",0,0,2.353608697,0.6795255479,0.04682355728,-0.2155127289,0.220540658,-1.356855435,54,661040,10.73406659,55.47877688,35.53994496,-1
sphere,6,720,0.5,2.25,0,"thin-dirac2fit:0.05,4.0,0",0,0,0.09619689264,0.02777362535,0.001913776372,-0.06247568594,0.06250499079,-1.540173564,15,0,0,4.718990528,1.389794078,1
sphere,6,720,0.5,2.25,0,"thin-dirac2fit:0.05,4.0,0",0,0,0.05512984811,0.01591689404,0.00109677348,-0.03671551598,0.03673189385,-1.540933001,15,0,0,4.718990528,1.376166769,-1
sphere,6,720,0.5,2.25,0,"none",0,0,0.06251662817,0.01804957896,0.0012437288,-0.05090558363,0.0509207748,-1.546369116,12,0,0,4.675188987,1.08324944,1
sphere,6,720,0.5,2.25,0,"none",0,0,0.03097030786,0.008941637342,0.0006161346981,-0.02511343641,0.02512099342,-1.546267182,12,0,0,4.675188987,1.133742104,-1
sphere,6,720,0.5,2.25,0,"thin-dirac2fit:0.05,4.0,0,-0.1",0,0,0.0944818483,0.02727846383,0.001879656649,-0.06162098555,0.06164964696,-1.540302267,15,0,0,5.005268298,1.382053486,1
sphere,6,720,0.5,2.25,0,"thin-dirac2fit:0.05,4.0,0,-0.1",0,0,0.05611481147,0.01620126916,0.001116368703,-0.0375723184,0.03758889981,-1.541092534,15,0,0,5.005268298,1.368686921,-1
sphere,8,1280,0.5,2.25,0,"thin-dirac2fit:0.05,4.0,0",0,0,0.09733861518,0.02810325943,0.00193649022,-0.06291814633,0.06294793986,-1.540028111,17,0,0,16.37464475,4.236497357,1
sphere,8,1280,0.5,2.25,0,"thin-dirac2fit:0.05,4.0,0",0,0,0.05573258594,0.01609091436,0.001108764568,-0.03695661622,0.03697324494,-1.540803535,17,0,0,16.37464475,4.783656282,-1
sphere,8,1280,0.5,2.25,0,"none",0,0,0.06333146059,0.01828483448,0.001259939376,-0.0512714152,0.05128689369,-1.546227357,12,0,0,16.02845,2.997043361,1
sphere,8,1280,0.5,2.25,0,"none",0,0,0.03136732429,0.009056262518,0.0006240330891,-0.02528977655,0.02529747448,-1.546126022,12,0,0,16.02845,2.890766322,-1
sphere,8,1280,0.5,2.25,0,"thin-dirac2fit:0.05,4.0,0,-0.1",0,0,0.09560737951,0.02760342321,0.001902048381,-0.06205891351,0.06208805468,-1.540156842,17,0,0,15.72529574,4.184151355,1
sphere,8,1280,0.5,2.25,0,"thin-dirac2fit:0.05,4.0,0,-0.1",0,0,0.05672460946,0.01637732788,0.001128500249,-0.03781752979,0.03783436364,-1.540964514,17,0,0,15.72529574,4.139289387,-1
sphere,4,320,0.5,-11,1.2,"thin-dirac2fit:0.1,2.25,0,0.1",0,0,2.963067225,0.7794823067,0.05894834944,-0.2283753342,0.2358605545,-1.318189588,56,0,0,0.675545281,0.761721125,1
sphere,4,320,0.5,-11,1.2,"thin-dirac2fit:0.1,2.25,0,0.1",0,0,2.942971621,0.7741958362,0.05854856011,-0.2259222956,0.2333855556,-1.317221305,56,0,0,0.675545281,0.747670993,-1
sphere,4,320,0.5,-11,1.2,"none",0,0,1.989021535,0.5232439821,0.03957032615,-0.183181122,0.1874063344,-1.358047836,45,0,0,0.66629005,0.532945082,1
sphere,4,320,0.5,-11,1.2,"none",0,0,1.98902183,0.5232440597,0.03957033201,-0.1831811279,0.1874063414,-1.358047812,45,0,0,0.66629005,0.528463831,-1
sphere,4,320,0.5,-11,1.2,"thin-dirac2fit:0.05,2.25,0,0.1",0,0,2.455940369,0.7090703849,0.04885938121,-0.2061018913,0.2118141373,-1.338029092,48,0,0,0.811609926,0.761800275,1
sphere,4,320,0.5,-11,1.2,"thin-dirac2fit:0.05,2.25,0,0.1",0,0,2.448343174,0.7068769498,0.04870823982,-0.2050449314,0.2107508399,-1.337570044,48,0,0,0.811609926,0.737809852,-1
sphere,4,320,0.5,-11,1.2,"thin-dirac2fit:0.02,2.25,0,0.1",0,0,2.168674039,0.663504793,0.04314439917,-0.1923076168,0.1970879465,-1.350099732,46,0,0,0.676704515,0.57665438,1
sphere,4,320,0.5,-11,1.2,"thin-dirac2fit:0.02,2.25,0,0.1",0,0,2.166155616,0.6627342827,0.04309429673,-0.1919255465,0.1967041785,-1.349923063,46,0,0,0.676704515,0.57374101,-1
sphere,6,720,0.5,-11,1.2,"thin-dirac2fit:0.1,2.25,0,0.1",0,0,2.912534564,0.7661888808,0.05794303411,-0.2369817648,0.2439626038,-1.330996843,74,0,0,3.132256961,4.414204422,1
sphere,6,720,0.5,-11,1.2,"thin-dirac2fit:0.1,2.25,0,0.1",0,0,2.892827916,0.761004731,0.05755098279,-0.2344602465,0.2414202204,-1.330093657,74,0,0,3.132256961,4.351741557,-1
sphere,6,720,0.5,-11,1.2,"none",0,0,1.913765369,0.503446642,0.0380731523,-0.1885993889,0.1924039875,-1.371600314,47,0,0,3.037675396,2.573276919,1
sphere,6,720,0.5,-11,1.2,"none",0,0,1.913765511,0.5034466793,0.03807315512,-0.188599394,0.1924039931,-1.371600305,47,0,0,3.037675396,2.511972574,-1
sphere,6,720,0.5,-11,1.2,"thin-dirac2fit:0.05,2.25,0,0.1",0,0,2.388218774,0.6895180463,0.04751210288,-0.2130201475,0.2182544001,-1.351347823,51,0,0,3.050753073,3.145758621,1
sphere,6,720,0.5,-11,1.2,"thin-dirac2fit:0.05,2.25,0,0.1",0,0,2.380884391,0.6874004894,0.04736618997,-0.2119385578,0.2171670054,-1.350919401,51,0,0,3.050753073,3.193618038,-1
sphere,6,720,0.5,-11,1.2,"thin-dirac2fit:0.02,2.25,0,0.1",0,0,2.095531339,0.6411268185,0.04168927138,-0.1983000062,0.2026348633,-1.363580665,48,0,0,3.107855115,2.904152748,1
sphere,6,720,0.5,-11,1.2,"thin-dirac2fit:0.02,2.25,0,0.1",0,0,2.093125747,0.6403908289,0.04164141365,-0.1979101795,0.2022435326,-1.363415678,48,0,0,3.107855115,3.062159527,-1
sphere,8,1280,0.5,-11,1.2,"thin-dirac2fit:0.1,2.25,0,0.1",0,0,2.894874302,0.7615430659,0.05759169436,-0.2401054982,0.2469158835,-1.335383767,100,0,0,10.68569398,16.37803638,1
sphere,8,1280,0.5,-11,1.2,"thin-dirac2fit:0.1,2.25,0,0.1",0,0,2.875321692,0.7563994385,0.05720270753,-0.2375592013,0.2443491843,-1.334501214,100,0,0,10.68569398,15.91308035,-1
sphere,8,1280,0.5,-11,1.2,"none",0,0,1.88721905,0.4964632075,0.03754503007,-0.1905458226,0.1942095255,-1.376249134,46,0,0,10.67891641,6.698806775,1
sphere,8,1280,0.5,-11,1.2,"none",0,0,1.887219132,0.4964632289,0.03754503169,-0.1905458247,0.1942095279,-1.376249128,46,0,0,10.67891641,7.316387521,-1
sphere,8,1280,0.5,-11,1.2,"thin-dirac2fit:0.05,2.25,0,0.1",0,0,2.364386336,0.6826372294,0.04703797159,-0.2155176595,0.2205910976,-1.355910341,55,0,0,10.8730395,8.984209942,1
sphere,8,1280,0.5,-11,1.2,"thin-dirac2fit:0.05,2.25,0,0.1",0,0,2.357153518,0.6805489959,0.04689407925,-0.2144272038,0.2194950578,-1.355491464,55,0,0,10.8730395,8.845257845,-1
sphere,8,1280,0.5,-11,1.2,"thin-dirac2fit:0.02,2.25,0,0.1",0,0,2.069739653,0.6332358645,0.04117616209,-0.2004568629,0.2046422004,-1.368202775,47,0,0,11.03529892,7.876821805,1
sphere,8,1280,0.5,-11,1.2,"thin-dirac2fit:0.02,2.25,0,0.1",0,0,2.067377147,0.632513057,0.04112916153,-0.2000642541,0.2042481669,-1.368041414,47,0,0,11.03529892,7.515966075,-1
sphere,6,1440,0.5,-11,1.2,"0.05,2.25,0,0.1",0,0,2.369485847,0.6841095423,0.04713942315,-0.2148216843,0.2199329017,-1.354784883,54,375600,6.667189587,21.129437,17.53263348,1
sphere,6,1440,0.5,-11,1.2,"0.05,2.25,0,0.1",0,0,2.365986771,0.6830993015,0.04706981124,-0.2137126639,0.2188348004,-1.354009374,54,375600,6.667189587,21.129437,13.98755337,-1
