x_um,y_um,z_um,Qx,Qy,Qz,iterations
0,0,-1,5.39474e-08,-4.5195e-10,0.0370049,11
0,0,-0.875,7.2941e-08,-3.98361e-09,0.0466642,11
0,0,-0.75,9.45801e-08,-9.21694e-09,0.0549981,11
0,0,-0.625,1.17056e-07,-1.57863e-08,0.060743,11
0,0,-0.5,1.38167e-07,-2.30553e-08,0.0628771,11
0,0,-0.375,1.55631e-07,-3.0205e-08,0.0608116,11
0,0,-0.25,1.67434e-07,-3.63615e-08,0.054515,11
0,0,-0.125,1.72155e-07,-4.07399e-08,0.0445432,11
0,0,0,1.69198e-07,-4.27782e-08,0.0319681,11
0,0,0.125,1.58895e-07,-4.22327e-08,0.0182144,11
0,0,0.25,1.42454e-07,-3.92185e-08,0.00483517,11
0,0,0.375,1.21766e-07,-3.41856e-08,-0.00673254,11
0,0,0.5,9.91003e-08,-2.78374e-08,-0.0153867,11
0,0,0.625,7.67585e-08,-2.10059e-08,-0.0205141,11
0,0,0.75,5.67315e-08,-1.45112e-08,-0.0220526,11
0,0,0.875,4.04386e-08,-9.02981e-09,-0.0204546,11
0,0,1,2.85802e-08,-4.99865e-09,-0.0165646,11
0,0,1.125,2.11258e-08,-2.56891e-09,-0.0114376,11
0,0,1.25,1.74284e-08,-1.61634e-09,-0.0061375,11
0,0,1.375,1.6432e-08,-1.80098e-09,-0.00155637,11
0,0,1.5,1.6924e-08,-2.6604e-09,0.0017152,11
0,0,1.625,1.77797e-08,-3.71489e-09,0.00344457,11
0,0,1.75,1.81522e-08,-4.56216e-09,0.00373833,11
0,0,1.875,1.75776e-08,-4.94349e-09,0.00296038,11
0,0,2,1.59855e-08,-4.77095e-09,0.00161112,11
