geometry,n,N,omega,core_re,core_im,coat,inward,offset,sigma_ext,Q_ext,S_re,S_im,S_abs,S_arg,iterations,near_pairs,t_near_s,t_build_s,t_solve_s,pol,core_chi
sphere,4,320,0.5,-11,1.2,"thin-dirac2fit:0.005,2.25,0",0,0,2.032798816,0.6406375682,0.04044124749,-0.1854134181,0.1897725747,-1.35604574,35,0,0,0.668790217,0.465043661,0,0
sphere,4,320,0.5,-11,1.2,"none",0,0,1.989021055,0.6268409848,0.03957031661,-0.1831811236,0.187406334,-1.358047888,35,0,0,0.588034475,0.355889359,0,0
sphere,4,640,0.5,-11,1.2,"twoport:0.005,2.25,0",0,0,2.029143668,0.6394856465,0.04036853063,-0.1854893229,0.1898312597,-1.356505212,35,0,0,0.661488974,0.471818147,0,0
sphere,4,640,0.5,-11,1.2,"twoport:0.02,2.25,0",0,0,2.153603584,0.6588939944,0.04284458199,-0.1924874015,0.1971980171,-1.351782822,35,0,0,0.651439993,0.468503383,0,0
sphere,4,640,0.5,-11,1.2,"twoport:0.05,2.25,0",0,0,2.421861008,0.6992311127,0.04818139386,-0.2068236333,0.2123616303,-1.341919579,36,0,0,0.638420893,0.439494373,0,0
sphere,4,640,0.5,-11,1.2,"twoport:0.1,2.25,0",0,0,2.927645139,0.7701639595,0.05824364944,-0.2315760094,0.2387881296,-1.324397126,38,0,0,0.856707554,0.576856911,0,0
sphere,4,640,0.5,-11,1.2,"twoport:0.2,2.25,0",0,0,4.186920276,0.9255125808,0.08329613228,-0.2841435893,0.2961010385,-1.285637541,44,0,0,0.650844303,0.795476688,0,0
sphere,4,640,0.5,-11,1.2,"twoport:0.3,2.25,0",0,0,5.815692748,1.095380176,0.115699531,-0.3399056887,0.3590574588,-1.242710822,50,0,0,0.6647415,1.113944698,0,0
sphere,4,640,0.5,-11,1.2,"twoport:0.5,2.25,0",0,0,10.33502856,1.462107451,0.2056088602,-0.455998773,0.5002098404,-1.14719601,62,0,0,0.688557331,1.666512929,0,0
sphere,6,720,0.5,-11,1.2,"thin-dirac2fit:0.005,2.25,0",0,0,1.957993492,0.6170626328,0.03895304285,-0.1909715954,0.1949037963,-1.369583542,36,0,0,2.898072745,2.134388316,0,0
sphere,6,720,0.5,-11,1.2,"none",0,0,1.913765062,0.6031240208,0.03807314619,-0.1885993891,0.1924039865,-1.371600345,36,0,0,2.586971247,1.985428505,0,0
sphere,6,1440,0.5,-11,1.2,"twoport:0.005,2.25,0",0,0,1.956312449,0.616532851,0.03891959955,-0.1910068104,0.1949316209,-1.36978775,36,0,0,2.67684906,2.091086003,0,0
sphere,6,1440,0.5,-11,1.2,"twoport:0.02,2.25,0",0,0,2.08845802,0.6389627401,0.04154855217,-0.1983059398,0.2026117665,-1.364266359,36,0,0,2.721954478,2.014582766,0,0
sphere,6,1440,0.5,-11,1.2,"twoport:0.05,2.25,0",0,0,2.374037455,0.6854236663,0.04722997451,-0.2132590484,0.2184264,-1.352846585,38,0,0,2.664216203,2.403373881,0,0
sphere,6,1440,0.5,-11,1.2,"twoport:0.1,2.25,0",0,0,2.915088923,0.7668608458,0.05799385146,-0.2390766408,0.246010014,-1.332818665,42,0,0,3.395722837,2.900355054,0,0
sphere,6,1440,0.5,-11,1.2,"twoport:0.2,2.25,0",0,0,4.272195145,0.9443624655,0.08499262189,-0.2938269877,0.3058725952,-1.289220919,51,0,0,2.680895852,3.777869403,0,0
sphere,6,1440,0.5,-11,1.2,"twoport:0.3,2.25,0",0,0,6.040746896,1.137768909,0.1201768411,-0.3516530381,0.3716212215,-1.241491484,61,0,0,2.650904878,5.17421848,0,0
sphere,6,1440,0.5,-11,1.2,"twoport:0.5,2.25,0",0,0,10.97595158,1.55277951,0.2183596185,-0.4703001494,0.5185201573,-1.136115655,83,0,0,2.696874866,8.69111142,0,0
sphere,8,1280,0.5,-11,1.2,"thin-dirac2fit:0.005,2.25,0",0,0,1.931608429,0.6087473669,0.0384281287,-0.1929692707,0.1967583811,-1.37422669,36,0,0,7.874710454,4.87561083,0,0
sphere,8,1280,0.5,-11,1.2,"none",0,0,1.88721891,0.5947579876,0.03754502728,-0.1905458217,0.1942095241,-1.376249148,36,0,0,8.227552468,4.638679629,0,0
sphere,8,2560,0.5,-11,1.2,"twoport:0.005,2.25,0",0,0,1.930660538,0.6084486384,0.038409271,-0.192989414,0.1967744547,-1.374340671,36,0,0,7.992651064,4.786407509,0,0
sphere,8,2560,0.5,-11,1.2,"twoport:0.02,2.25,0",0,0,2.065644947,0.6319830911,0.0410947005,-0.2003983173,0.2045684726,-1.368535258,37,0,0,7.845914578,5.14359679,0,0
sphere,8,2560,0.5,-11,1.2,"twoport:0.05,2.25,0",0,0,2.357645806,0.6806911274,0.046903873,-0.2155764933,0.2206200303,-1.356561052,39,0,0,7.648824726,5.534500947,0,0
sphere,8,2560,0.5,-11,1.2,"twoport:0.1,2.25,0",0,0,2.911826991,0.7660027423,0.05792895738,-0.2417816882,0.2486245138,-1.335637164,45,0,0,7.452775349,8.411051751,0,0
sphere,8,2560,0.5,-11,1.2,"twoport:0.2,2.25,0",0,0,4.305597421,0.9517459896,0.08565713906,-0.2973252778,0.3094179476,-1.29029946,58,0,0,8.11229306,10.49349865,0,0
sphere,8,2560,0.5,-11,1.2,"twoport:0.3,2.25,0",0,0,6.126737543,1.153965166,0.1218875706,-0.3558925357,0.3761862263,-1.240832724,74,0,0,8.424529329,13.82413732,0,0
sphere,8,2560,0.5,-11,1.2,"twoport:0.5,2.25,0",0,0,11.21798293,1.587019942,0.2231746793,-0.4753814807,0.525161394,-1.131874227,106,0,0,8.132285943,25.22117172,0,0
sphere,12,2880,0.5,-11,1.2,"thin-dirac2fit:0.005,2.25,0",0,0,1.912883513,0.6028462002,0.03805560833,-0.1944131554,0.198102762,-1.377494424,36,0,0,26.32836851,18.1371179,0,0
sphere,12,2880,0.5,-11,1.2,"none",0,0,1.868376002,0.5888196356,0.03717015953,-0.1919523977,0.1955181417,-1.379521067,36,0,0,25.93909054,15.40374815,0,0
sphere,12,5760,0.5,-11,1.2,"twoport:0.005,2.25,0",0,0,1.912470305,0.6027159774,0.03804738782,-0.1944222945,0.198110152,-1.377544008,36,0,0,24.8456585,16.35244544,0,0
sphere,12,5760,0.5,-11,1.2,"twoport:0.02,2.25,0",0,0,2.049527954,0.6270521046,0.0407740631,-0.2019110494,0.2059868833,-1.371535386,37,0,0,25.87796229,16.83740421,0,0
sphere,12,5760,0.5,-11,1.2,"twoport:0.05,2.25,0",0,0,2.346225049,0.6773937673,0.04667666428,-0.2172529789,0.2222106384,-1.359164152,41,0,0,25.19811119,17.6433137,0,0
sphere,12,5760,0.5,-11,1.2,"twoport:0.1,2.25,0",0,0,2.910034514,0.7655312026,0.05789329719,-0.2437404785,0.2505215654,-1.337597366,51,0,0,25.3227635,23.99322229,0,0
sphere,12,5760,0.5,-11,1.2,"twoport:0.2,2.25,0",0,0,4.330751175,0.9573061899,0.08615755709,-0.2998612205,0.3119933913,-1.291008361,76,0,0,24.95942561,39.36511252,0,0
sphere,12,5760,0.5,-11,1.2,"twoport:0.3,2.25,0",0,0,6.190583832,1.165990553,0.1231577522,-0.3589644444,0.379504024,-1.240289026,101,0,0,25.50634418,57.56174948,0,0
sphere,12,5760,0.5,-11,1.2,"twoport:0.5,2.25,0",0,0,11.39638316,1.612258412,0.2267238391,-0.4790349525,0.5299794194,-1.128741757,156,0,0,25.34553783,111.4075163,0,0
sphere,8,3840,0.5,-11,1.2,"twoport:0.03,4,1;0.03,2.25,0",0,0,2.773006697,0.7855780048,0.05516721539,-0.2271722255,0.233774767,-1.332564796,39,0,0,7.812220916,5.481242285,0,0
sphere,8,3840,0.5,-11,1.2,"twoport:0.02,4,1;0.2,2.25,0",0,0,5.063049887,1.082786101,0.1007261771,-0.3152504484,0.3309510658,-1.261536473,60,0,0,8.136532181,10.70894768,0,0
sphere,8,5120,0.5,-11,1.2,"twoport:0.05,2.25,0;0.02,4,1;0.1,2,0",0,0,3.943679046,0.9170224475,0.07845700177,-0.2786322718,0.2894675181,-1.296324001,53,0,0,6.661171664,9.368307863,0,0
sphere,12,8640,0.5,-11,1.2,"twoport:0.03,4,1;0.03,2.25,0",0,0,2.768032543,0.7841688535,0.05506825774,-0.2290315623,0.2355588452,-1.334835727,41,0,0,23.70221232,19.96380139,0,0
sphere,12,8640,0.5,-11,1.2,"twoport:0.02,4,1;0.2,2.25,0",0,0,5.103946347,1.091532237,0.1015397863,-0.3180217631,0.3338385388,-1.261741509,79,0,0,24.67472125,47.10828978,0,0
sphere,12,11520,0.5,-11,1.2,"twoport:0.05,2.25,0;0.02,4,1;0.1,2,0",0,0,3.961999676,0.9212825378,0.07882147912,-0.280978581,0.2918249279,-1.297300981,68,0,0,27.99751127,39.09281867,0,0
